the-doge-pound, 0xf4ee95274741437636e748ddac70818b4ed7d043
boredapeyachtclub, 0xbc4ca0eda7647a8ab7c2061c2e118a18a936f13d
primeapeplanetpap, 0x6632a9d63e142f17a668064d41a21193b49b41a0
doodles-official, 0x8a90cab2b38dba80c64b7734e58ee1db38b8992e
phantabear, 0x67d9417c9c3c250f61a83c7e8658dac487b56b09
clonex, 0x49cf6f5d44e70224e2e23fdcdd2c053f30ada28b
bored-ape-kennel-club, 0xba30e5f9bb24caa003e9f2f0497ad287fdf95623
cryptopunks, 0xb47e3cd837ddf8e4c57f05d70ab865de6e193bbb
cool-cats-nft, 0x1a92f7381b9f03921564a437210bb9396471050c
alienfrensnft, 0x123b30e25973fecd8354dd5f41cc45a3065ef88c
capsulehouse, 0xfcb1315c4273954f74cb16d5b663dbf479eec62e
nft-worlds, 0xbd4455da5929d5639ee098abfaa3241e9ae111af
coolmans-universe, 0xa5c0bd78d1667c13bfb403e2a3336871396713c5
flyfish-club, 0xc9d8f15803c645e98b17710a0b6593f097064bef
psychedelics-anonymous-genesis, 0x75e95ba5997eb235f40ecf8347cdb11f18ff640b
inbetweeners, 0x94638cbf3c54c1f956a5f05cbc0f9afb6822020d
cryptomories, 0x1a2f71468f656e97c2f86541e57189f59951efe7
neotokyo-outer-identities, 0x698fbaaca64944376e2cdc4cad86eaa91362cf54
world-of-women-nft, 0xe785e82358879f061bc3dcac6f0444462d4b5330
pudgypenguins, 0xbd3531da5cf5857e7cfaa92426877b022e612cf8
wolf-game-migrated, 0x7f36182dee28c45de6072a34d29855bae76dbe2f
mypethooligan, 0x09233d553058c2f42ba751c87816a8e9fae7ef10
apocalyptic-apes, 0xf793a77e32a0e5c0cd28383e1e04bbc66ee52438
forgottenruneswizardscult, 0x521f9c7505005cfa19a8e5786a9c3c9c9f5e6f42
adam-bomb-squad, 0x7ab2352b1d2e185560494d5e577f9d3c238b78c5
grayboys, 0x8d4100897447d173289560bc85c5c432be4f44e4
azuki, 0xed5af388653567af2f388e6224dc7c4b3241c544
veefriends, 0xa3aee8bce55beea1951ef834b99f3ac60d1abeeb
deadfellaz, 0x2acab3dea77832c09420663b0e1cb386031ba17b
cyberkongz, 0x57a204aa1042f6e66dd7730813f4024114d74f37
fluf-world, 0xccc441ac31f02cd96c153db6fd5fe0a2f4e6a68d
little-lemon-friends, 0x0b22fe0a2995c5389ac093400e52471dca8bb48a
noodlesnft-official, 0xdcc2a6f7cf14b5d2fc0f2731faf0a37b914a0c82
makc-m1, 0x828b78e11bc6a061b8b1ab9cf29c68ed6abb247b
slimhoods, 0x2931b181ae9dc8f8109ec41c42480933f411ef94
chainfaces-arena, 0x93a796b1e846567fe3577af7b7bb89f71680173a
cryptoadz-by-gremplin, 0x1cb1a5e65610aeff2551a50f76a87a7d3fb649c6
kaiju-kingz, 0x0c2e57efddba8c768147d1fdf9176a0a6ebd5d83
cyberkongz-vx, 0x7ea3cca10668b8346aec0bf1844a49e995527c8b
edenhorde-official, 0x9eeaecbe2884aa7e82f450e3fc174f30fc2a8de3
thelittlesnft, 0xc6ec80029cd2aa4b0021ceb11248c07b25d2de34
kumo-x-world-residents, 0x0a098221bb295704ac70f60def959828f935ac4e
x-consoles-0xnft, 0x8ed0e7404675d5c7f5b4f2a829138afcaf53d2ab
animo-official, 0x569f26145f0c2fcc3da68395be3639009c53b6d8
lazy-lions, 0x8943c7bac1914c9a7aba750bf2b6b09fd21037e0
alpacadabraz, 0x3db5463a9e2d04334192c6f2dd4b72def4751a61
meebits, 0x7bd29408f11d2bfc23c34f18275bbf23bb716bc7
nbayc, 0x17b8ef727a48c47a3dd545435fdaba9194cf3899
coodles, 0x9c38bc76f282eb881a387c04fb67e9fc60aecf78
karafuru, 0xd2f668a8461d6761115daf8aeb3cdf5f40c532c6
